<?xml version="1.0" encoding="UTF-8"?><rss version="2.0"
	xmlns:content="http://purl.org/rss/1.0/modules/content/"
	xmlns:dc="http://purl.org/dc/elements/1.1/"
	xmlns:atom="http://www.w3.org/2005/Atom"
	xmlns:sy="http://purl.org/rss/1.0/modules/syndication/"
	
	>
<channel>
	<title>
	Comments for Dashboard	</title>
	<atom:link href="https://tufailyarlok.github.io/sit-demo/comments/feed/" rel="self" type="application/rss+xml" />
	<link>https://tufailyarlok.github.io/sit-demo</link>
	<description></description>
	<lastBuildDate>Mon, 20 Jan 2025 11:31:58 +0000</lastBuildDate>
	<sy:updatePeriod>
	hourly	</sy:updatePeriod>
	<sy:updateFrequency>
	1	</sy:updateFrequency>
	<generator>https://wordpress.org/?v=6.7.1</generator>
</channel>
</rss>
