<?xml version="1.0" encoding="UTF-8"?><rss version="2.0"
	xmlns:content="http://purl.org/rss/1.0/modules/content/"
	xmlns:wfw="http://wellformedweb.org/CommentAPI/"
	xmlns:dc="http://purl.org/dc/elements/1.1/"
	xmlns:atom="http://www.w3.org/2005/Atom"
	xmlns:sy="http://purl.org/rss/1.0/modules/syndication/"
	xmlns:slash="http://purl.org/rss/1.0/modules/slash/"
	>

<channel>
	<title>Dashboard</title>
	<atom:link href="https://tufailyarlok.github.io/sit-demo/feed/" rel="self" type="application/rss+xml" />
	<link>https://tufailyarlok.github.io/sit-demo</link>
	<description></description>
	<lastBuildDate>Mon, 06 Jan 2025 19:12:23 +0000</lastBuildDate>
	<language>en-US</language>
	<sy:updatePeriod>
	hourly	</sy:updatePeriod>
	<sy:updateFrequency>
	1	</sy:updateFrequency>
	<generator>https://wordpress.org/?v=6.7.1</generator>
	<item>
		<title>Latest Published Articles</title>
		<link>https://tufailyarlok.github.io/sit-demo/2025/01/03/articles/</link>
		
		<dc:creator><![CDATA[tufailadmin]]></dc:creator>
		<pubDate>Fri, 03 Jan 2025 15:52:11 +0000</pubDate>
				<category><![CDATA[Uncategorized]]></category>
		<guid isPermaLink="false">https://tufailyarlok.github.io/sit-demo/?page_id=312</guid>

					<description><![CDATA[Latest Published Research Papers Human Rights of old persons Author(s): Vishakha Singh Rathore, Aditya Choudhary, Himanshu Jakhar, Divya Balani, Divyansh Sharma, [&#8230;]]]></description>
										<content:encoded><![CDATA[		<div data-elementor-type="wp-page" data-elementor-id="312" class="elementor elementor-312">
				<div class="elementor-element elementor-element-fe9e3ce e-flex e-con-boxed e-con e-parent" data-id="fe9e3ce" data-element_type="container">
					<div class="e-con-inner">
				<div class="elementor-element elementor-element-79033db elementor-widget elementor-widget-heading" data-id="79033db" data-element_type="widget" data-widget_type="heading.default">
				<div class="elementor-widget-container">
					<h2 class="elementor-heading-title elementor-size-default">Latest Published Research Papers</h2>				</div>
				</div>
					</div>
				</div>
		<div class="elementor-element elementor-element-06f8aec e-flex e-con-boxed e-con e-parent" data-id="06f8aec" data-element_type="container">
					<div class="e-con-inner">
		<div class="elementor-element elementor-element-8009361 e-con-full e-flex e-con e-child" data-id="8009361" data-element_type="container">
				<div class="elementor-element elementor-element-9332e45 elementor-widget elementor-widget-heading" data-id="9332e45" data-element_type="widget" data-widget_type="heading.default">
				<div class="elementor-widget-container">
					<h3 class="elementor-heading-title elementor-size-default"><a href="https://tufailyarlok.github.io/sit-demo/ali-khan/">Human Rights of old persons</a></h3>				</div>
				</div>
				<div class="elementor-element elementor-element-e3ac474 elementor-widget elementor-widget-text-editor" data-id="e3ac474" data-element_type="widget" data-widget_type="text-editor.default">
				<div class="elementor-widget-container">
									<p class="post-author"><b>Author(s):</b> Vishakha Singh Rathore, Aditya Choudhary, Himanshu Jakhar, Divya Balani, Divyansh Sharma, Sampita Pal</p><p class="post-author"><b>Country:</b> India</p>								</div>
				</div>
				</div>
		<div class="elementor-element elementor-element-f086a0e e-con-full e-flex e-con e-child" data-id="f086a0e" data-element_type="container">
				<div class="elementor-element elementor-element-59c0ab1 elementor-widget elementor-widget-heading" data-id="59c0ab1" data-element_type="widget" data-widget_type="heading.default">
				<div class="elementor-widget-container">
					<h3 class="elementor-heading-title elementor-size-default"><a href="https://tufailyarlok.github.io/sit-demo/">Understanding the Awareness of Mental Health Care among the Marine Engineers in Mumbai</a></h3>				</div>
				</div>
				<div class="elementor-element elementor-element-e11d03f elementor-widget elementor-widget-text-editor" data-id="e11d03f" data-element_type="widget" data-widget_type="text-editor.default">
				<div class="elementor-widget-container">
									<p class="post-author"><b>Author(s):</b> Vishakha Singh Rathore, Aditya Choudhary, Himanshu Jakhar, Divya Balani, Divyansh Sharma, Sampita Pal</p><p class="post-author"><b>Country:</b> India</p>								</div>
				</div>
				</div>
					</div>
				</div>
		<div class="elementor-element elementor-element-ba0e742 e-flex e-con-boxed e-con e-parent" data-id="ba0e742" data-element_type="container">
					<div class="e-con-inner">
		<div class="elementor-element elementor-element-95dcc7a e-con-full e-flex e-con e-child" data-id="95dcc7a" data-element_type="container">
		<div class="elementor-element elementor-element-23d75c9 e-con-full e-flex e-con e-child" data-id="23d75c9" data-element_type="container">
				<div class="elementor-element elementor-element-12dc1b4 elementor-widget elementor-widget-heading" data-id="12dc1b4" data-element_type="widget" data-widget_type="heading.default">
				<div class="elementor-widget-container">
					<h3 class="elementor-heading-title elementor-size-default"><a href="https://tufailyarlok.github.io/sit-demo/">Experimental and Theoretical Study on the Extraction of Keratin from Human Hair</a></h3>				</div>
				</div>
				<div class="elementor-element elementor-element-d0dc0bc elementor-widget elementor-widget-text-editor" data-id="d0dc0bc" data-element_type="widget" data-widget_type="text-editor.default">
				<div class="elementor-widget-container">
									<p class="post-author"><b>Author(s):</b> Vishakha Singh Rathore, Aditya Choudhary, Himanshu Jakhar, Divya Balani, Divyansh Sharma, Sampita Pal</p><p class="post-author"><b>Country:</b> India</p>								</div>
				</div>
				</div>
		<div class="elementor-element elementor-element-911d90a e-con-full e-flex e-con e-child" data-id="911d90a" data-element_type="container">
				<div class="elementor-element elementor-element-7cb8947 elementor-widget elementor-widget-heading" data-id="7cb8947" data-element_type="widget" data-widget_type="heading.default">
				<div class="elementor-widget-container">
					<h3 class="elementor-heading-title elementor-size-default"><a href="https://tufailyarlok.github.io/sit-demo/">Human Rights of old persons</a></h3>				</div>
				</div>
				<div class="elementor-element elementor-element-e8976a0 elementor-widget elementor-widget-text-editor" data-id="e8976a0" data-element_type="widget" data-widget_type="text-editor.default">
				<div class="elementor-widget-container">
									<p class="post-author"><b>Author(s):</b> Vishakha Singh Rathore, Aditya Choudhary, Himanshu Jakhar, Divya Balani, Divyansh Sharma, Sampita Pal</p><p class="post-author"><b>Country:</b> India</p>								</div>
				</div>
				</div>
				</div>
					</div>
				</div>
		<div class="elementor-element elementor-element-576df98 e-flex e-con-boxed e-con e-parent" data-id="576df98" data-element_type="container">
					<div class="e-con-inner">
		<div class="elementor-element elementor-element-ad4aa50 e-con-full e-flex e-con e-child" data-id="ad4aa50" data-element_type="container">
		<div class="elementor-element elementor-element-26fe6fe e-con-full e-flex e-con e-child" data-id="26fe6fe" data-element_type="container">
				<div class="elementor-element elementor-element-53abe5b elementor-widget elementor-widget-heading" data-id="53abe5b" data-element_type="widget" data-widget_type="heading.default">
				<div class="elementor-widget-container">
					<h3 class="elementor-heading-title elementor-size-default"><a href="https://tufailyarlok.github.io/sit-demo/">A Study of Employee Engagement and Job Satisfaction at Metal Scope (India) Private Limited, Puducherry</a></h3>				</div>
				</div>
				<div class="elementor-element elementor-element-c744036 elementor-widget elementor-widget-text-editor" data-id="c744036" data-element_type="widget" data-widget_type="text-editor.default">
				<div class="elementor-widget-container">
									<p class="post-author"><b>Author(s):</b> Vishakha Singh Rathore, Aditya Choudhary, Himanshu Jakhar, Divya Balani, Divyansh Sharma, Sampita Pal</p><p class="post-author"><b>Country:</b> India</p>								</div>
				</div>
				</div>
		<div class="elementor-element elementor-element-2847517 e-con-full e-flex e-con e-child" data-id="2847517" data-element_type="container">
				<div class="elementor-element elementor-element-fe7db56 elementor-widget elementor-widget-heading" data-id="fe7db56" data-element_type="widget" data-widget_type="heading.default">
				<div class="elementor-widget-container">
					<h3 class="elementor-heading-title elementor-size-default"><a href="https://tufailyarlok.github.io/sit-demo/">Real–Time Assistance Prototype – A New Navigation Aid for Blind people</a></h3>				</div>
				</div>
				<div class="elementor-element elementor-element-e381aba elementor-widget elementor-widget-text-editor" data-id="e381aba" data-element_type="widget" data-widget_type="text-editor.default">
				<div class="elementor-widget-container">
									<p class="post-author"><b>Author(s):</b> Vishakha Singh Rathore, Aditya Choudhary, Himanshu Jakhar, Divya Balani, Divyansh Sharma, Sampita Pal</p><p class="post-author"><b>Country:</b> India</p>								</div>
				</div>
				</div>
				</div>
					</div>
				</div>
		<div class="elementor-element elementor-element-abd4bd6 e-flex e-con-boxed e-con e-parent" data-id="abd4bd6" data-element_type="container">
					<div class="e-con-inner">
		<div class="elementor-element elementor-element-b1575fa e-con-full e-flex e-con e-child" data-id="b1575fa" data-element_type="container">
		<div class="elementor-element elementor-element-c8b6d76 e-con-full e-flex e-con e-child" data-id="c8b6d76" data-element_type="container">
				<div class="elementor-element elementor-element-231c88b elementor-widget elementor-widget-heading" data-id="231c88b" data-element_type="widget" data-widget_type="heading.default">
				<div class="elementor-widget-container">
					<h3 class="elementor-heading-title elementor-size-default"><a href="https://tufailyarlok.github.io/sit-demo/">Innovative Application of Linear Accelerators (LINACs) for Flood Management and Agriculture in India</a></h3>				</div>
				</div>
				<div class="elementor-element elementor-element-e047121 elementor-widget elementor-widget-text-editor" data-id="e047121" data-element_type="widget" data-widget_type="text-editor.default">
				<div class="elementor-widget-container">
									<p class="post-author"><b>Author(s):</b> Vishakha Singh Rathore, Aditya Choudhary, Himanshu Jakhar, Divya Balani, Divyansh Sharma, Sampita Pal</p><p class="post-author"><b>Country:</b> India</p>								</div>
				</div>
				</div>
		<div class="elementor-element elementor-element-d619102 e-con-full e-flex e-con e-child" data-id="d619102" data-element_type="container">
				<div class="elementor-element elementor-element-dda121d elementor-widget elementor-widget-heading" data-id="dda121d" data-element_type="widget" data-widget_type="heading.default">
				<div class="elementor-widget-container">
					<h3 class="elementor-heading-title elementor-size-default"><a href="https://tufailyarlok.github.io/sit-demo/">Human Rights of old persons</a></h3>				</div>
				</div>
				<div class="elementor-element elementor-element-2a4ec64 elementor-widget elementor-widget-text-editor" data-id="2a4ec64" data-element_type="widget" data-widget_type="text-editor.default">
				<div class="elementor-widget-container">
									<p class="post-author"><b>Author(s):</b> Vishakha Singh Rathore, Aditya Choudhary, Himanshu Jakhar, Divya Balani, Divyansh Sharma, Sampita Pal</p><p class="post-author"><b>Country:</b> India</p>								</div>
				</div>
				</div>
				</div>
					</div>
				</div>
		<div class="elementor-element elementor-element-b6bbe28 e-flex e-con-boxed e-con e-parent" data-id="b6bbe28" data-element_type="container">
					<div class="e-con-inner">
		<div class="elementor-element elementor-element-bf41dfa e-con-full e-flex e-con e-child" data-id="bf41dfa" data-element_type="container">
				<div class="elementor-element elementor-element-d13a2bb elementor-widget elementor-widget-heading" data-id="d13a2bb" data-element_type="widget" data-widget_type="heading.default">
				<div class="elementor-widget-container">
					<h3 class="elementor-heading-title elementor-size-default"><a href="https://tufailyarlok.github.io/sit-demo/">A Study of Employee Engagement and Job Satisfaction at Metal Scope (India) Private Limited, Puducherry</a></h3>				</div>
				</div>
				<div class="elementor-element elementor-element-0583ccd elementor-widget elementor-widget-text-editor" data-id="0583ccd" data-element_type="widget" data-widget_type="text-editor.default">
				<div class="elementor-widget-container">
									<p class="post-author"><b>Author(s):</b> Vishakha Singh Rathore, Aditya Choudhary, Himanshu Jakhar, Divya Balani, Divyansh Sharma, Sampita Pal</p><p class="post-author"><b>Country:</b> India</p>								</div>
				</div>
				</div>
		<div class="elementor-element elementor-element-380867d e-con-full e-flex e-con e-child" data-id="380867d" data-element_type="container">
				<div class="elementor-element elementor-element-98c2ad4 elementor-widget elementor-widget-heading" data-id="98c2ad4" data-element_type="widget" data-widget_type="heading.default">
				<div class="elementor-widget-container">
					<h3 class="elementor-heading-title elementor-size-default"><a href="https://tufailyarlok.github.io/sit-demo/">Human Rights of old persons</a></h3>				</div>
				</div>
				<div class="elementor-element elementor-element-3b17093 elementor-widget elementor-widget-text-editor" data-id="3b17093" data-element_type="widget" data-widget_type="text-editor.default">
				<div class="elementor-widget-container">
									<p class="post-author"><b>Author(s):</b> Vishakha Singh Rathore, Aditya Choudhary, Himanshu Jakhar, Divya Balani, Divyansh Sharma, Sampita Pal</p><p class="post-author"><b>Country:</b> India</p>								</div>
				</div>
				</div>
					</div>
				</div>
		<div class="elementor-element elementor-element-95ebcbc e-flex e-con-boxed e-con e-parent" data-id="95ebcbc" data-element_type="container">
					<div class="e-con-inner">
				<div class="elementor-element elementor-element-b4348ea elementor-align-center elementor-widget elementor-widget-button" data-id="b4348ea" data-element_type="widget" data-widget_type="button.default">
				<div class="elementor-widget-container">
									<div class="elementor-button-wrapper">
					<a class="elementor-button elementor-button-link elementor-size-sm" href="">
						<span class="elementor-button-content-wrapper">
									<span class="elementor-button-text">Click for Publication</span>
					</span>
					</a>
				</div>
								</div>
				</div>
					</div>
				</div>
		<div class="elementor-element elementor-element-ed1cdf9 e-flex e-con-boxed e-con e-parent" data-id="ed1cdf9" data-element_type="container">
					<div class="e-con-inner">
				<div class="elementor-element elementor-element-2eb0dc8 e-transform elementor-widget elementor-widget-heading" data-id="2eb0dc8" data-element_type="widget" data-settings="{&quot;_transform_translateX_effect&quot;:{&quot;unit&quot;:&quot;px&quot;,&quot;size&quot;:&quot;&quot;,&quot;sizes&quot;:[]},&quot;_transform_translateX_effect_tablet&quot;:{&quot;unit&quot;:&quot;px&quot;,&quot;size&quot;:&quot;&quot;,&quot;sizes&quot;:[]},&quot;_transform_translateX_effect_mobile&quot;:{&quot;unit&quot;:&quot;px&quot;,&quot;size&quot;:&quot;&quot;,&quot;sizes&quot;:[]},&quot;_transform_translateY_effect&quot;:{&quot;unit&quot;:&quot;px&quot;,&quot;size&quot;:&quot;&quot;,&quot;sizes&quot;:[]},&quot;_transform_translateY_effect_tablet&quot;:{&quot;unit&quot;:&quot;px&quot;,&quot;size&quot;:&quot;&quot;,&quot;sizes&quot;:[]},&quot;_transform_translateY_effect_mobile&quot;:{&quot;unit&quot;:&quot;px&quot;,&quot;size&quot;:&quot;&quot;,&quot;sizes&quot;:[]}}" data-widget_type="heading.default">
				<div class="elementor-widget-container">
					<h2 class="elementor-heading-title elementor-size-default">Administrator Published Section</h2>				</div>
				</div>
					</div>
				</div>
		<div class="elementor-element elementor-element-ddc127c e-flex e-con-boxed e-con e-parent" data-id="ddc127c" data-element_type="container" data-settings="{&quot;background_background&quot;:&quot;gradient&quot;}">
					<div class="e-con-inner">
				<div class="elementor-element elementor-element-aaf8db7 elementor-widget elementor-widget-heading" data-id="aaf8db7" data-element_type="widget" data-widget_type="heading.default">
				<div class="elementor-widget-container">
					<h2 class="elementor-heading-title elementor-size-default"><a href="https://tufailyarlok.github.io/sit-demo">Impact of Digital Currencies on the Indian Economy: A Case Study of the e-RUPI
</a></h2>				</div>
				</div>
				<div class="elementor-element elementor-element-32287c8 elementor-widget elementor-widget-text-editor" data-id="32287c8" data-element_type="widget" data-widget_type="text-editor.default">
				<div class="elementor-widget-container">
									<div><b>Author(s):</b> Mrs. Poonam Dipesh Shah, Ms. Neorrah Khera, Ms. Bhavya Soni</div><div><b>Country:</b> India</div><div><b>Research Area:</b> Business Administration</div>								</div>
				</div>
					</div>
				</div>
		<div class="elementor-element elementor-element-a744508 e-flex e-con-boxed e-con e-parent" data-id="a744508" data-element_type="container" data-settings="{&quot;background_background&quot;:&quot;gradient&quot;}">
					<div class="e-con-inner">
				<div class="elementor-element elementor-element-f0d1f0e elementor-widget elementor-widget-heading" data-id="f0d1f0e" data-element_type="widget" data-widget_type="heading.default">
				<div class="elementor-widget-container">
					<h2 class="elementor-heading-title elementor-size-default"><a href="https://tufailyarlok.github.io/sit-demo">Impact of Digital Currencies on the Indian Economy: A Case Study of the e-RUPI
</a></h2>				</div>
				</div>
				<div class="elementor-element elementor-element-5d92361 elementor-widget elementor-widget-text-editor" data-id="5d92361" data-element_type="widget" data-widget_type="text-editor.default">
				<div class="elementor-widget-container">
									<div><b>Author(s):</b> Mrs. Poonam Dipesh Shah, Ms. Neorrah Khera, Ms. Bhavya Soni</div><div><b>Country:</b> India</div><div><b>Research Area:</b> Business Administration</div>								</div>
				</div>
					</div>
				</div>
		<div class="elementor-element elementor-element-92668ba e-flex e-con-boxed e-con e-parent" data-id="92668ba" data-element_type="container" data-settings="{&quot;background_background&quot;:&quot;gradient&quot;}">
					<div class="e-con-inner">
				<div class="elementor-element elementor-element-86d3ba1 elementor-widget elementor-widget-heading" data-id="86d3ba1" data-element_type="widget" data-widget_type="heading.default">
				<div class="elementor-widget-container">
					<h2 class="elementor-heading-title elementor-size-default"><a href="https://tufailyarlok.github.io/sit-demo">Impact of Digital Currencies on the Indian Economy: A Case Study of the e-RUPI
</a></h2>				</div>
				</div>
				<div class="elementor-element elementor-element-09fcd43 elementor-widget elementor-widget-text-editor" data-id="09fcd43" data-element_type="widget" data-widget_type="text-editor.default">
				<div class="elementor-widget-container">
									<div><b>Author(s):</b> Mrs. Poonam Dipesh Shah, Ms. Neorrah Khera, Ms. Bhavya Soni</div><div><b>Country:</b> India</div><div><b>Research Area:</b> Business Administration</div>								</div>
				</div>
					</div>
				</div>
		<div class="elementor-element elementor-element-4d04b71 e-flex e-con-boxed e-con e-parent" data-id="4d04b71" data-element_type="container" data-settings="{&quot;background_background&quot;:&quot;gradient&quot;}">
					<div class="e-con-inner">
				<div class="elementor-element elementor-element-daff56b elementor-widget elementor-widget-heading" data-id="daff56b" data-element_type="widget" data-widget_type="heading.default">
				<div class="elementor-widget-container">
					<h2 class="elementor-heading-title elementor-size-default"><a href="https://tufailyarlok.github.io/sit-demo">Impact of Digital Currencies on the Indian Economy: A Case Study of the e-RUPI
</a></h2>				</div>
				</div>
				<div class="elementor-element elementor-element-08b1bb3 elementor-widget elementor-widget-text-editor" data-id="08b1bb3" data-element_type="widget" data-widget_type="text-editor.default">
				<div class="elementor-widget-container">
									<div><b>Author(s):</b> Mrs. Poonam Dipesh Shah, Ms. Neorrah Khera, Ms. Bhavya Soni</div><div><b>Country:</b> India</div><div><b>Research Area:</b> Business Administration</div>								</div>
				</div>
					</div>
				</div>
		<div class="elementor-element elementor-element-80190e9 e-flex e-con-boxed e-con e-parent" data-id="80190e9" data-element_type="container" data-settings="{&quot;background_background&quot;:&quot;gradient&quot;}">
					<div class="e-con-inner">
				<div class="elementor-element elementor-element-040a548 elementor-widget elementor-widget-heading" data-id="040a548" data-element_type="widget" data-widget_type="heading.default">
				<div class="elementor-widget-container">
					<h2 class="elementor-heading-title elementor-size-default"><a href="https://tufailyarlok.github.io/sit-demo">Impact of Digital Currencies on the Indian Economy: A Case Study of the e-RUPI
</a></h2>				</div>
				</div>
				<div class="elementor-element elementor-element-05757d0 elementor-widget elementor-widget-text-editor" data-id="05757d0" data-element_type="widget" data-widget_type="text-editor.default">
				<div class="elementor-widget-container">
									<div><b>Author(s):</b> Mrs. Poonam Dipesh Shah, Ms. Neorrah Khera, Ms. Bhavya Soni</div><div><b>Country:</b> India</div><div><b>Research Area:</b> Business Administration</div>								</div>
				</div>
					</div>
				</div>
		<div class="elementor-element elementor-element-49f8880 e-flex e-con-boxed e-con e-parent" data-id="49f8880" data-element_type="container" data-settings="{&quot;background_background&quot;:&quot;gradient&quot;}">
					<div class="e-con-inner">
				<div class="elementor-element elementor-element-e5e069c elementor-widget elementor-widget-heading" data-id="e5e069c" data-element_type="widget" data-widget_type="heading.default">
				<div class="elementor-widget-container">
					<h2 class="elementor-heading-title elementor-size-default"><a href="https://tufailyarlok.github.io/sit-demo">Impact of Digital Currencies on the Indian Economy: A Case Study of the e-RUPI
</a></h2>				</div>
				</div>
				<div class="elementor-element elementor-element-0b80354 elementor-widget elementor-widget-text-editor" data-id="0b80354" data-element_type="widget" data-widget_type="text-editor.default">
				<div class="elementor-widget-container">
									<div><b>Author(s):</b> Mrs. Poonam Dipesh Shah, Ms. Neorrah Khera, Ms. Bhavya Soni</div><div><b>Country:</b> India</div><div><b>Research Area:</b> Business Administration</div>								</div>
				</div>
					</div>
				</div>
		<div class="elementor-element elementor-element-ab429ac e-flex e-con-boxed e-con e-parent" data-id="ab429ac" data-element_type="container">
					<div class="e-con-inner">
				<div class="elementor-element elementor-element-623f7d0 elementor-align-center elementor-widget elementor-widget-button" data-id="623f7d0" data-element_type="widget" data-widget_type="button.default">
				<div class="elementor-widget-container">
									<div class="elementor-button-wrapper">
					<a class="elementor-button elementor-button-link elementor-size-sm" href="">
						<span class="elementor-button-content-wrapper">
									<span class="elementor-button-text">Click for Publication</span>
					</span>
					</a>
				</div>
								</div>
				</div>
					</div>
				</div>
				</div>
		]]></content:encoded>
					
		
		
			</item>
	</channel>
</rss>
